Id,SalePrice,SalesPrice
1461,169277.0524984,117316.55693779408
1462,187758.393988768,162010.2611973577
1463,183583.683569555,183402.96747446706
1464,179317.47751083,191667.0542694965
1465,150730.079976501,192840.78829350657
1466,177150.989247307,170349.907718846
1467,172070.659229164,175501.5357970233
1468,175110.956519547,167087.64317381306
1469,162011.698831665,183645.26091611074
1470,160726.247831419,125689.22206819497
1471,157933.279456005,195383.78460872069
1472,145291.245020389,94070.68708477123
1473,159672.017631819,97740.87879793737
1474,164167.518301885,149335.49540172072
1475,150891.638244053,125225.20619991259
1476,179460.96518734,378367.1125988986
1477,185034.62891405,242197.59845532788
1478,182352.192644656,282910.71198901016
1479,183053.458213802,271424.0232923188
1480,187823.339254278,495255.9496502788
1481,186544.114327568,311965.80371612863
1482,158230.77520516,210306.6649281675
1483,190552.829321091,171900.03433204355
1484,147183.67487199,165786.28213800676
1485,185855.300905493,190030.34289886593
1486,174350.470676986,197130.42279887246
1487,201740.620690863,345975.2551493128
1488,162986.378895754,234829.13891436328
1489,162330.199085679,206528.2565699687
1490,165845.938616539,226087.85513535026
1491,180929.622876974,193274.6437482618
1492,163481.501519718,89263.19857699051
1493,187798.076714233,196203.34060298727
1494,198822.198942566,304515.294159604
1495,194868.409899858,293484.58286763454
1496,152605.298564403,243439.38954341167
1497,147797.702836811,184806.87634438986
1498,150521.96899297,162554.67004618692
1499,146991.630153739,160853.3498160811
1500,150306.307814534,155246.02967305746
1501,151164.372534604,177934.33696504915
1502,151133.706960953,155629.066480461
1503,156214.042540726,289602.7536255092
1504,171992.760735142,256242.8685797877
1505,173214.912549738,232900.21552956817
1506,192429.187345783,195781.7740014856
1507,190878.69508543,244678.49272935116
1508,194542.544135519,186712.31236462187
1509,191849.439072822,161111.888535707
1510,176363.773907793,144365.93513708122
1511,176954.185412429,147330.46609520048
1512,176521.216975696,171672.2557273897
1513,179436.704810176,127246.43189471055
1514,220079.756777048,164662.3546797379
1515,175502.918109444,197004.09478098623
1516,188321.073833569,148798.76809382904
1517,163276.324450004,167647.6052490133
1518,185911.366293097,136858.41893746154
1519,171392.830997252,236114.33806099283
1520,174418.207020775,135610.4602498236
1521,179682.709603774,136301.09848158143
1522,179423.751581665,167405.46852789648
1523,171756.918091777,112078.0634674164
1524,166849.638174419,119247.01480324435
1525,181122.168676666,126581.49856082321
1526,170934.462746566,110528.84008658772
1527,159738.292580329,110014.89558343847
1528,174445.759557658,130845.89591406885
1529,174706.363659627,141780.45679313364
1530,164507.672539365,173789.9675997179
1531,163602.512172832,105576.5016417601
1532,154126.270249525,101011.89600226897
1533,171104.853481351,145902.3561654819
1534,167735.39270528,118911.96819226665
1535,183003.613338104,149362.22538847238
1536,172580.381161499,109331.50142352011
1537,165407.889104689,65495.89076579768
1538,176363.773907793,166089.55598465158
1539,175182.950898522,205350.95861608098
1540,190757.177789246,103808.91393643543
1541,167186.995771991,126012.5807894512
1542,167839.376779276,132756.64102967878
1543,173912.421165137,212065.68219026015
1544,154034.917445551,78390.65905478396
1545,156002.955794336,100988.11852503392
1546,168173.94329857,132107.0575444754
1547,168882.437104132,126422.12996181846
1548,168173.94329857,130012.95333386524
1549,157580.177551642,110598.46276960865
1550,181922.15256011,138404.97362192225
1551,155134.227842592,110989.69258189597
1552,188885.573319552,152282.30307181986
1553,183963.193012381,144516.66109551387
1554,161298.762306335,108875.76037279474
1555,188613.66763056,176955.4025057478
1556,175080.111822945,84631.92672369248
1557,174744.400305232,108293.0668701125
1558,168175.911336919,91271.1942361203
1559,182333.472575006,80821.95716923378
1560,158307.206742274,135935.45059910754
1561,193053.055502348,133216.64689120837
1562,175031.089987177,129396.1202313437
1563,160713.294602908,123039.93392289092
1564,173186.215014436,160650.17018597797
1565,191736.7598055,140386.43337995186
1566,170401.630997116,248022.68000615152
1567,164626.577880222,74064.41528446155
1568,205469.409444832,232032.9513991733
1569,209561.784211885,151267.71804595052
1570,182271.503072356,144529.48185095895
1571,178081.549427793,119105.67372909097
1572,178425.956138831,149673.59024032752
1573,162015.318511503,263989.2764354683
1574,181722.420373045,118079.4316032319
1575,156705.730169433,249600.62203255744
1576,182902.420342386,244849.30648766411
1577,157574.595395085,196575.88426988057
1578,184380.739100813,140753.78373173487
1579,169364.469225677,161591.52948039857
1580,175846.179822063,192254.0344781145
1581,189673.295302136,164120.32236236855
1582,174401.317715566,131322.49234066193
1583,179021.448718583,336128.9320430308
1584,189196.845337149,225368.66777342395
1585,139647.095720655,140804.8016602129
1586,161468.198288911,71168.38288421558
1587,171557.32317862,100654.22166468609
1588,179447.36804185,165240.01145271774
1589,169611.619017694,93960.31755198714
1590,172088.872655744,133763.40422853437
1591,171190.624128768,95365.21044633318
1592,154850.508361878,122026.61607567966
1593,158617.655719941,128791.68235174823
1594,209258.33693701,160537.25595398832
1595,177939.027626751,113607.50030833395
1596,194631.100299584,238677.54506147112
1597,213618.871562568,187471.4879558438
1598,198342.504228533,201064.5717342405
1599,138607.971472497,193379.6088585226
1600,150778.958976731,171836.4347121201
1601,146966.230339786,66730.7753859955
1602,162182.59620952,105847.86293140976
1603,176825.940961269,84473.1038731033
1604,152799.812402444,264610.4004630225
1605,180322.322067129,235772.87964089427
1606,177508.027228367,157979.51913700762
1607,208029.642652019,172028.14342948922
1608,181987.282510201,221471.4877657793
1609,160172.72797397,194779.9801232105
1610,176761.317654248,154479.6340546538
1611,176515.497545231,141773.60791165702
1612,176270.453065471,163769.51425449736
1613,183050.846258475,161613.98146060063
1614,150011.102062216,140972.9311170056
1615,159270.537808667,85982.80783463166
1616,163419.663729346,69658.13448792414
1617,163399.983345859,93004.99849498097
1618,173364.161505756,128361.15661942225
1619,169556.835902417,144310.24555361344
1620,183690.595995738,166322.1938550478
1621,176980.914909382,131180.99177382013
1622,204773.36222471,143181.85685134344
1623,174728.655998442,291699.33522681904
1624,181873.458244461,199931.17344766585
1625,177322.000823979,120310.50442536548
1626,193927.939041863,160180.00347716772
1627,181715.622732304,181996.0363209576
1628,199270.841200324,291891.88311574375
1629,177109.589956218,181814.50474817623
1630,153909.578271486,376493.4049364062
1631,162931.203336223,214624.10156677262
1632,166386.7567182,241917.04989150638
1633,173719.30379824,175721.791170772
1634,179757.925656704,189304.4777498779
1635,179007.601964376,184301.49404291253
1636,180370.808623106,152786.31569681276
1637,185102.616730563,180124.35079128083
1638,198825.563452058,203543.42550618554
1639,184294.576009142,176809.2597619453
1640,200443.7920562,252320.61157415726
1641,181294.784484153,177892.52861250553
1642,174354.336267919,241422.3828575223
1643,172023.677781517,235874.80312293116
1644,181666.922855025,242891.07097693492
1645,179024.491269586,197176.56347157844
1646,178324.191575907,160854.8012326484
1647,184534.676687694,151209.92995115346
1648,159397.250378784,124191.7450852691
1649,178430.966728182,136042.03018435562
1650,177743.799385967,115557.21457117543
1651,179395.305519087,120869.96966215716
1652,151713.38474815,98089.07424041613
1653,151713.38474815,101925.60570694506
1654,168434.977996215,145131.45035776438
1655,153999.100311019,147848.61590388216
1656,164096.097354123,140635.6212513039
1657,166335.403036551,142059.50765103655
1658,163020.725375757,142786.46601804724
1659,155862.510668829,128379.11154160995
1660,182760.651095509,152749.6602379967
1661,201912.270622883,473365.80775458965
1662,185988.233987516,406502.22584686626
1663,183778.44888032,402723.3186869725
1664,170935.85921771,409942.31856377504
1665,184468.908382254,307236.9186511162
1666,191569.089663229,339860.3767166902
1667,232991.025583822,364281.47380033904
1668,180980.721388278,340774.3308852181
1669,164279.13048219,290090.3653577241
1670,183859.460411109,352086.47800338187
1671,185922.465682076,257653.90222383392
1672,191742.778119363,461481.56118122913
1673,199954.072465842,302285.6731873358
1674,180690.274752587,244869.5380751728
1675,163099.3096358,187075.1662681982
1676,140791.922472443,189044.7881820289
1677,166481.86647592,218889.31651069914
1678,172080.434496773,501180.50471839687
1679,191719.161659178,396408.08425664075
1680,160741.098612515,332131.7072655313
1681,157829.546854733,260673.59440349884
1682,196896.748596341,305298.13867711584
1683,159675.423990355,181923.11152755897
1684,182084.790901946,175227.29228044132
1685,179233.926374487,171839.24174610566
1686,155774.270901623,171272.43345535456
1687,181354.326716058,170742.6740050533
1688,179605.563663918,190964.3445422852
1689,181609.34866147,193869.17453638645
1690,178221.531623281,196777.9684285907
1691,175559.920735795,191781.08015402989
1692,200328.822792041,275412.43920717656
1693,178630.060559899,175068.96607036114
1694,177174.535221728,182467.18836513415
1695,172515.687368714,164996.34442670658
1696,204032.992922943,274760.6127723127
1697,176023.232787689,173292.4234961416
1698,202202.073341595,352763.18128711096
1699,181734.480075862,344248.41441402806
1700,183982.158993126,250654.4234631146
1701,188007.94241481,269147.6696637643
1702,185922.966763517,247174.3320427698
1703,183978.544874918,246849.9115245835
1704,177199.618638821,283043.9567414132
1705,181878.647956764,224613.08873682996
1706,173622.088728263,392867.76952288626
1707,180728.168562655,210755.88044053843
1708,176477.026606328,218951.9862154153
1709,184282.266697609,305469.66573965
1710,162062.47538448,223019.52496997066
1711,182550.070992189,258666.11936638743
1712,180987.949624695,252825.35986795323
1713,178173.79762147,271991.4134772779
1714,179980.635948606,223933.27293305064
1715,173257.637826205,212214.1969825803
1716,177271.291059307,190647.9619386208
1717,175338.355442312,174615.07668031682
1718,177548.140549508,135886.50053918996
1719,175969.91662932,204987.10994044718
1720,175011.481953462,245708.6340436873
1721,185199.372568143,163415.46084669145
1722,188514.050228937,118885.27759580297
1723,185080.145268797,156044.78198275215
1724,157304.402574096,209444.55867706018
1725,194260.859481297,244421.06510648644
1726,181262.329995106,190446.98529827115
1727,157003.292706732,161192.14126198957
1728,182924.499359899,178946.831340202
1729,181902.586375439,163628.18337609564
1730,188985.371708134,161958.51955388286
1731,185290.904495068,122905.84377597668
1732,177304.425752748,131315.9582273048
1733,166274.900490809,118099.62366433456
1734,177807.420530107,112410.85074419748
1735,180330.624816201,127123.5212955056
1736,179069.112234629,115851.44047211311
1737,175943.371816948,370698.9046879917
1738,185199.050609653,227091.68626150076
1739,167350.910824524,283012.75283105206
1740,149315.311876449,199126.39268986366
1741,139010.847766793,201240.42077826548
1742,155412.151845447,174336.3742057849
1743,171308.313985441,171797.44547813776
1744,176220.543265638,316348.1426389396
1745,177643.434991809,216436.3799185801
1746,187222.653264601,203116.14339229255
1747,185635.132083154,228554.02874932004
1748,206492.534215854,236020.37136623065
1749,181681.021081956,150578.7833923579
1750,180500.198072685,130874.48169745578
1751,206486.17086841,245710.4843551561
1752,161334.301195429,122430.53907433504
1753,176156.558313965,143144.7157390786
1754,191642.223478994,184248.3140530119
1755,191945.808027777,173252.8001481124
1756,164146.306037354,122896.33805714075
1757,179883.057071096,116792.63038579017
1758,178071.137668844,146062.40915362618
1759,188241.637896875,165867.86410306106
1760,174559.656173171,163841.59623060533
1761,182347.363042264,135248.5175862788
1762,191507.251872857,178527.0647735319
1763,199751.865597358,166105.36609282225
1764,162106.416145131,118533.23922729204
1765,164575.982314367,162941.63815057414
1766,179176.352180931,176694.43659365032
1767,177327.403857584,203005.7284741265
1768,177818.083761781,144280.72527553007
1769,186965.204048443,175232.21737001484
1770,178762.742169197,147577.98125596202
1771,183322.866146283,123128.72064285458
1772,178903.295931891,132896.56960421725
1773,186570.129421778,124907.42754971041
1774,199144.242829024,135433.23502154404
1775,172154.713310956,139679.93626666156
1776,177444.019201603,117269.68644248066
1777,166200.938073485,110997.21439331297
1778,158995.770555632,142860.54571793365
1779,168273.282454755,121046.18574903042
1780,189680.453052788,172600.63528875585
1781,181681.021081956,129460.74587990157
1782,160277.142643643,95082.32572828964
1783,197318.54715833,147356.00363041984
1784,162228.935604196,106344.15463495775
1785,187340.455456083,117581.82659674784
1786,181065.347037275,152765.9345837701
1787,190233.609102705,158233.6377977311
1788,157929.594852031,59506.60525428277
1789,168557.001935469,106596.28309969143
1790,160805.584645628,82383.46172773189
1791,221648.391978216,198984.29278323648
1792,180539.88079815,153688.6157643604
1793,182105.616283853,130981.03289293029
1794,166380.852603154,148551.21673052534
1795,178942.155617426,130530.63279724267
1796,162804.747800461,135667.3333301064
1797,183077.684392615,108633.71854253105
1798,171728.4720292,125562.49640789916
1799,164786.741540638,109356.01418570298
1800,177427.267170302,135063.1551680481
1801,197318.54715833,127108.39576584841
1802,178658.114178223,124341.29755132117
1803,185437.320523764,146420.7074982988
1804,169759.652489529,141872.26683399646
1805,173986.635055186,140119.9173552919
1806,168607.664289468,125472.72396730688
1807,194138.519145183,132701.91388889187
1808,192502.440921994,120629.84015959168
1809,176746.969818601,111721.78602191953
1810,177604.891703134,140630.44026189588
1811,193283.746584832,87413.60112331637
1812,181627.061006609,88453.69299641627
1813,169071.62025834,126430.41670387262
1814,167398.006470987,95883.75013634856
1815,150106.505141704,56477.4082788941
1816,159650.304285848,91879.27577735364
1817,179471.23597476,108730.31373856199
1818,177109.589956218,147302.176130826
1819,166558.113328453,113958.82294201358
1820,153796.714319583,50437.88858729281
1821,174520.152570658,109548.82195673638
1822,196297.95829524,144050.4605712311
1823,169100.681601175,37292.46376448433
1824,176911.319164431,143897.56715406702
1825,169234.6454828,147071.10355131517
1826,172386.297919134,106304.56342910932
1827,156031.904802362,102332.37895758745
1828,168202.892306596,137709.7126126089
1829,166505.984017547,125930.46083881747
1830,176507.37022149,144256.2658736023
1831,180116.752553161,141702.93728827132
1832,183072.740591406,81146.13218872467
1833,189595.964677698,143524.00629527867
1834,167523.919076265,122055.8982519402
1835,210817.775863413,134758.69855893584
1836,172942.930813351,136031.7092572791
1837,145286.278144089,87362.63424434891
1838,176468.653371492,123920.47392727426
1839,159040.069562187,95840.79446169849
1840,178518.204332507,160623.77581675252
1841,169163.980786825,145979.4097500844
1842,189786.685274579,94124.81996657205
1843,181246.728523853,122850.62817796842
1844,176349.927153587,143260.41791977605
1845,205266.631009142,134086.375060065
1846,187397.993362224,148738.44523721217
1847,208943.427726113,174466.65759907823
1848,165014.532907657,49872.225808256975
1849,182492.037566236,114474.10853402918
1850,161718.71259042,119739.18339348957
1851,180084.118941162,153356.83404967262
1852,178534.950802179,132588.07084032494
1853,151217.259961305,134535.2916226491
1854,156342.717587562,172927.71758080844
1855,188511.443835239,146254.68146800934
1856,183570.337896789,216278.97528840217
1857,225810.160292177,167654.72405202652
1858,214217.401131694,132593.10150054086
1859,187665.64101603,120478.97231093615
1860,161157.177744039,153062.82531309233
1861,187643.992594193,120478.97231093615
1862,228156.372839158,295516.09086238226
1863,220449.534665317,289369.84701975447
1864,220522.352084222,289440.6569085279
1865,156647.763531624,329334.54982124886
1866,187388.833374873,345905.2089077321
1867,178640.723791573,239003.18208277918
1868,180847.216739049,303530.0844740488
1869,159505.170529478,206110.462516735
1870,164305.538020654,231539.013490261
1871,180181.19673723,248106.6793548218
1872,184602.734989972,168736.03870285247
1873,193440.372174434,232567.58384557732
1874,184199.788209911,152962.68957458038
1875,196241.892907637,203397.9654110668
1876,175588.618271096,193654.848078119
1877,179503.046546829,217908.59157332763
1878,183658.076582555,199757.6101520706
1879,193700.976276404,136310.94758966521
1880,165399.62450704,133448.8359442926
1881,186847.944787446,250359.90274561098
1882,198127.73287817,251155.12389708002
1883,183320.898107934,184527.31342349088
1884,181613.606696657,199724.72760655472
1885,178298.791761954,250228.55212787318
1886,185733.534000593,301914.5272376202
1887,180008.188485489,218931.6603653357
1888,175127.59621604,287812.4306644793
1889,183467.176862723,156362.43788212322
1890,182705.546021743,132861.7962394352
1891,152324.943593181,140523.04217098936
1892,169878.515981342,105023.06810808564
1893,183735.975076576,137649.12159031205
1894,224118.280105941,136522.363269724
1895,169355.202465146,137872.50960202195
1896,180054.276407441,131472.7149688793
1897,174081.601977368,118070.20483080571
1898,168494.985022146,121327.4459218877
1899,181871.598843299,164028.66242919938
1900,173554.489658383,148778.15887666805
1901,169805.382165577,169001.78290700706
1902,176192.990728755,145792.6185924327
1903,204264.39284654,230740.7616891272
1904,169630.906956928,129745.09451947463
1905,185724.838807268,191671.42655301522
1906,195699.036281861,149783.8544533775
1907,189494.276162169,197690.12916187843
1908,149607.905673439,103918.73484356132
1909,154650.199045978,131509.75775551345
1910,151579.558140433,115117.5419978534
1911,185147.380531144,199274.1926082049
1912,196314.53120359,298615.41155974224
1913,210802.395364155,144508.62824448387
1914,166271.2863726,55806.8170906938
1915,154865.359142973,278139.1097466485
1916,173575.5052865,52954.3590349267
1917,179399.563554274,255611.70820722997
1918,164280.776562049,139250.27011898422
1919,171247.48948121,173489.43183560672
1920,166878.587182445,134693.4633721187
1921,188129.459710994,460579.19811971305
1922,183517.34369691,325412.79963258153
1923,175522.026925727,221796.22527100393
1924,190060.105331152,222047.90157727848
1925,174179.824771856,206640.3890127665
1926,171059.523675194,417504.7669235493
1927,183004.186769318,132685.64946943085
1928,183601.647387418,151559.8009408002
1929,163539.327185998,125790.27136685123
1930,164677.676391525,134786.8485115891
1931,162395.073865424,146407.17883379667
1932,182207.6323195,132021.65803238747
1933,192223.939790304,188429.8037137842
1934,176391.829390125,176063.41242859449
1935,181913.179121348,173301.93707431864
1936,179136.097888261,190821.21000382904
1937,196595.568243212,174643.06478481708
1938,194822.365690957,173551.79241920717
1939,148356.669440918,244240.2138729659
1940,160387.604263899,187665.29310370612
1941,181276.500571809,170245.2877206595
1942,192474.817899346,176778.7981549006
1943,157699.907796437,216775.10904394652
1944,215785.540813051,357214.1364803316
1945,181824.300998793,390653.426676507
1946,221813.00948166,158799.4102726572
1947,165281.292597397,298418.3826290632
1948,255629.49047034,181079.50310966212
1949,173154.590990955,239789.25110722723
1950,183884.65246539,181124.3557790247
1951,200210.353608489,270136.04546195746
1952,186599.221265342,205813.16375709517
1953,192718.532696106,159561.6385404644
1954,178628.665952764,191434.19741450693
1955,180650.342418406,133783.7170954923
1956,206003.107947263,279177.5950944099
1957,166457.67844853,147690.10310986513
1958,202916.221653487,326026.8745582389
1959,192463.969983091,134839.26220544885
1960,171775.497189898,115795.49821780567
1961,175249.222149411,124073.10848279661
1962,147086.59893993,96966.36066989583
1963,149709.672100371,108405.32614932947
1964,171411.404533743,109921.98006762133
1965,178188.964799425,151688.68492739147
1966,156491.711373235,140165.08817238148
1967,180953.241201168,278760.6924794065
1968,203909.759061135,445907.70770213235
1969,175470.149087545,405313.94535743835
1970,205578.333622415,459933.91002370464
1971,199428.857699441,463624.018527398
1972,187599.163869476,401655.5225561067
1973,192265.198109864,277303.12307095184
1974,196666.554897677,309479.3266331352
1975,155537.862252682,526533.582463024
1976,169543.240620935,269020.43341739476
1977,202487.010170501,360773.5115464942
1978,208232.716273485,362043.1437820127
1979,173621.195202569,327533.0759343818
1980,172414.608571812,198257.03238885902
1981,164400.75641556,342304.8698845498
1982,160480.424024781,226694.50848428838
1983,156060.853810389,208810.70803708019
1984,157437.192820581,166687.3267190575
1985,158163.720929772,231126.39315627492
1986,154849.043268978,208668.30790114362
1987,152186.609341561,190347.83815306396
1988,180340.215399228,174535.85056391786
1989,178344.62451356,191338.29416598828
1990,190170.382266827,221311.52654688913
1991,168092.975480832,239543.41428208657
1992,178757.912566805,220035.1458031771
1993,174518.256882082,167639.8660034127
1994,198168.490116289,239139.3474655216
1995,176882.693978902,185928.4351863022
1996,183801.672896251,249846.75087383477
1997,196400.046680661,328123.6356405673
1998,172281.605004025,358100.6701455455
1999,196380.366297173,262572.7349087479
2000,198228.354306682,318541.72784724296
2001,195556.581268962,263988.33831874456
2002,186453.264469043,242121.83091360802
2003,181869.381196234,264159.20957494876
2004,175610.840124147,265114.4178519839
2005,183438.730800145,208041.30840243647
2006,179584.488673295,227915.715271836
2007,182386.152242034,244299.03494113966
2008,160750.367237054,216079.53779581012
2009,182477.505046008,202204.62663473538
2010,187720.359207171,193466.00905311346
2011,187201.942081511,134069.11408941873
2012,176385.102235149,174308.4542577839
2013,175901.787841278,184921.6212996561
2014,182584.280198283,186788.19572513402
2015,195664.686104237,204395.62080215022
2016,181420.346494222,192665.34365615234
2017,176676.04995228,200331.87595555017
2018,181594.678867334,124618.32041105538
2019,178521.747964951,133531.41440941783
2020,175895.883726231,100064.69865363612
2021,168468.005916477,105630.2958467037
2022,200973.129447888,172904.08722775645
2023,197030.641992202,145026.80117083626
2024,192867.417844592,262266.9951005768
2025,196449.247639381,393692.05147639324
2026,141684.196398607,176706.31023274377
2027,153353.334123901,153488.69865419227
2028,151143.549016705,152594.73452350084
2029,163753.087114229,167129.14406502343
2030,158682.460013921,278948.64156659774
2031,144959.835250915,243047.1349192563
2032,160144.390548579,263924.94790697726
2033,156286.534303521,276553.1062020594
2034,165726.707619571,172842.41029584638
2035,182427.481047359,223370.8180839633
2036,173310.56154032,213071.16356933716
2037,173310.56154032,222831.17075089618
2038,151556.01403002,314335.4417423204
2039,158908.146068683,228975.20406311413
2040,209834.383092536,330369.2441322247
2041,192410.516550815,302065.0578755761
2042,174026.247294886,198715.024440287
2043,195499.830115336,176337.24754672337
2044,200918.018812493,166608.1171523313
2045,207243.616023976,211779.0367730137
2046,196149.783851876,156061.4098736864
2047,192097.914850217,135366.35513297224
2048,178570.948923671,136834.80425638022
2049,228617.968325428,137953.58121656798
2050,199929.884438451,180162.11298419168
2051,160206.365612859,109548.32012790609
2052,179854.431885567,119547.73656928251
2053,185987.340461822,145433.50828472857
2054,161122.505607926,86988.92186642803
2055,175949.342720138,161336.6368282999
2056,183683.590595324,155631.6241808843
2057,176401.34762338,119301.63571410583
2058,205832.532527897,219688.3373469441
2059,177799.799849436,138617.6112367688
2060,167565.362080406,174313.604643047
2061,186348.958436557,170700.88314952987
2062,179782.759465081,129275.45468890906
2063,169837.623333323,116101.25146892891
2064,178817.275675758,136624.1763663267
2065,174444.479149339,114533.56422883795
2066,192834.968917174,168268.04115788685
2067,196564.717984981,119706.14550841851
2068,206977.567039357,139426.15328054046
2069,157054.253944128,86196.99633734045
2070,175142.948078577,115646.63974141525
2071,159932.1643654,98386.14249561007
2072,182801.408333628,119403.08738402242
2073,181510.375176825,132719.63790408
2074,181613.035129451,183272.2177273749
2075,186920.512597635,152245.70158675913
2076,157950.170625222,119767.91351384838
2077,176115.159022876,154539.65823285418
2078,182744.514344465,123416.84814279783
2079,180660.683691591,131538.1723044098
2080,160775.629777099,121231.59234146994
2081,186711.715848082,126409.63714431782
2082,223581.758190888,127875.85841325016
2083,172330.943236652,140659.7284055084
2084,163474.633393212,114383.08256623434
2085,175308.263299874,121999.19733914112
2086,187462.725306432,123308.70229647041
2087,180655.101535034,118256.66904736252
2088,152121.98603454,93524.46576085241
2089,159856.233909727,76694.77225361233
2090,186559.854936737,133940.0463916041
2091,183962.550959411,119238.38088205206
2092,162107.168699296,124321.58312060033
2093,162582.288981283,117598.71847450588
2094,154407.701597409,122867.3263796308
2095,181625.666399474,146908.69254840037
2096,164810.609473548,79781.43874486863
2097,176429.401241704,97526.20797766953
2098,179188.089925259,138734.84551998065
2099,145997.635377703,53379.92596104067
2100,218676.768270367,73481.8688329625
2101,188323.861214226,122443.30266734421
2102,168690.0722914,119760.8958789564
2103,165088.746797705,104225.24644110908
2104,191435.007885166,134132.02390021004
2105,168864.404664512,123300.70488152417
2106,176041.882371574,63868.74511502522
2107,215911.674390325,211794.24772276537
2108,167388.238629016,109484.21983112502
2109,163854.786753017,112829.18379274757
2110,163299.477980171,129174.63587574408
2111,178298.214633119,146838.00153377152
2112,176376.586164775,135417.98754923552
2113,170211.043976522,116827.897658198
2114,170818.344786366,110514.68196451591
2115,174388.867432503,159007.57690407574
2116,161112.987374671,118501.75612940325
2117,172179.082325307,142546.63446065097
2118,157798.309713876,127369.11701850116
2119,169106.151422924,109060.36142950197
2120,170129.531364292,109678.24088308157
2121,157680.227412949,88550.05061448636
2122,162690.209131977,105138.8880414335
2123,146968.379365095,78522.44359780005
2124,181507.721372455,165573.10255313214
2125,191215.589752983,126002.54253666967
2126,189432.689844522,140187.71904375378
2127,207271.484957719,144226.48743344008
2128,170030.807488363,123791.21659133477
2129,148409.806476335,102434.30106178313
2130,193850.613979055,138602.41017432587
2131,193808.319298263,150768.94857189606
2132,166300.235380627,116148.1726518877
2133,163474.633393212,119340.9278804504
2134,177473.606564978,120054.72903906548
2135,157443.925537187,90552.04413504111
2136,180681.007992057,82792.90067464733
2137,183463.17030026,104610.81950346571
2138,182481.763081195,129744.50134104324
2139,193717.15117887,137492.56889609603
2140,182782.55099007,148536.12633624562
2141,175530.651633287,149775.21046170182
2142,177804.057884623,124451.49958638797
2143,159448.670848577,143867.91940140942
2144,181338.976717529,110962.62767308742
2145,178553.558537021,141233.6129841307
2146,162820.928264556,166786.1108227852
2147,188832.479997186,141308.77721697686
2148,164682.185899437,130517.67364062447
2149,181549.735943801,146575.02265067346
2150,199158.097008868,229823.3894923072
2151,152889.520990566,114408.93124638303
2152,181150.551679116,168731.88380159935
2153,181416.732376013,164207.05706875364
2154,164391.238182305,111323.13830371946
2155,185421.046498812,137042.38579460548
2156,193981.327550004,278219.9808504023
2157,178824.324789223,244817.72190559775
2158,209270.051606246,235340.13915512804
2159,177801.266806344,206341.95381316254
2160,179053.762236101,169064.79055611056
2161,178762.170601992,243962.60169825557
2162,184655.300458183,443708.9014982194
2163,191284.655779772,341510.04656238237
2164,179598.085818785,234033.80445607897
2165,167517.628078595,201158.21030435618
2166,182873.903794044,155280.33613363947
2167,177484.91371363,229704.35660003492
2168,188444.597319524,198646.04182889574
2169,179184.153848562,201130.50884468755
2170,184365.175780982,220901.20832141797
2171,184479.322005212,149177.45935007918
2172,182927.863869391,125812.67256979772
2173,178611.639373646,160013.42820488338
2174,181943.343613558,228191.2938048983
2175,175080.614768394,314543.9538541659
2176,190720.794649138,320798.4315560763
2177,198422.868144723,235251.18502772803
2178,184482.11308349,208766.17123828936
2179,139214.952187861,141127.98258204348
2180,169233.113601757,195779.51116468007
2181,180664.118686848,185410.55554140813
2182,178818.742632666,217843.21947176792
2183,180422.049969947,193510.7102089059
2184,178601.93645581,118782.17690664259
2185,183083.159775993,115759.48549206759
2186,173163.101499699,136713.25024791178
2187,185968.161159774,146853.95526269815
2188,171226.050683054,153800.0333620276
2189,281643.976116786,229628.70735412242
2190,160031.711281258,79814.38285647171
2191,162775.979779394,85214.65178679359
2192,160735.445970193,92281.69725671851
2193,166646.109048572,106297.54046875203
2194,188384.548444549,108907.59260520684
2195,165830.697255197,116842.4144273735
2196,182138.358533039,109538.84854202758
2197,171595.397975647,127315.77113354194
2198,160337.079183809,168170.0587332783
2199,191215.088671543,188574.46383842107
2200,166956.093232213,142286.45650689417
2201,186581.830878692,141793.76349365938
2202,176450.548582099,211748.98880921036
2203,193743.194909801,138902.18883408967
2204,198882.566078408,180460.2853485642
2205,176385.102235149,120062.66789696128
2206,162447.639333636,136057.24835760865
2207,193782.555676777,210435.67561654517
2208,183653.890897141,254126.5061789285
2209,210578.623546866,204992.75926672842
2210,158527.164107319,113799.66953760594
2211,163081.025723456,117012.15908212482
2212,174388.867432503,116437.06476310849
2213,191905.870131966,116265.94447734312
2214,174388.867432503,122725.81678777281
2215,161642.711648983,109435.38967810766
2216,186939.507215101,148387.11988545692
2217,172482.165792649,56691.518991345
2218,159695.999763546,78708.97411508841
2219,157230.369671007,72614.22287233273
2220,179188.089925259,60720.79851378739
2221,157972.82120994,279022.44858506275
2222,156804.951429181,251688.4369810386
2223,211491.972463654,286755.2769025619
2224,186537.246201062,205730.8550955661
2225,200468.161070551,122341.93953306173
2226,182241.340444154,179228.43887066806
2227,157342.225898399,203801.36318319986
2228,182022.387105998,261044.30204899813
2229,181244.510876788,250706.36375855963
2230,178556.671573788,151594.35154202027
2231,189547.199876284,215560.48021189528
2232,187948.65165563,178224.41621374115
2233,194107.287565956,176409.5227050217
2234,183521.710369283,243788.1105563648
2235,183682.123638416,214590.82611071467
2236,178483.353073443,271651.2083163648
2237,184003.879764736,344295.08634549263
2238,171318.59033449,200079.9316553753
2239,162039.754313997,104126.57585848932
2240,154846.252190699,153086.55011031078
2241,194822.365690957,158904.4371899163
2242,169788.738771463,123345.83404876885
2243,178891.554489941,128822.08568956831
2244,152084.772428865,111854.92406308274
2245,139169.86642879,110260.60605234471
2246,192439.536044606,138080.9169552264
2247,161067.859766557,109586.42911276568
2248,158762.648504781,127232.82884864544
2249,175569.690441774,125988.05100197
2250,183659.795012187,129865.11390804376
2251,280618.132617258,113720.96553171823
2252,180051.809151659,165554.0931751276
2253,176519.18031559,154246.8183868703
2254,179028.429210291,171980.90636595138
2255,177161.583857224,186692.24813128606
2256,180081.508849842,182240.06866200833
2257,205895.254584712,222844.42502649146
2258,183389.78131415,164132.67025557157
2259,178543.647859512,173784.6349892192
2260,194798.320499104,156325.42686991527
2261,162845.613675766,188594.56481784038
2262,148103.867006579,221676.67982877954
2263,201016.171121215,355404.9994557951
2264,277936.12694354,459197.65667822683
2265,249768.279823405,184710.72453135526
2266,161596.052159825,292931.93551733287
2267,158011.114889899,359455.01121228375
2268,194089.683858004,376903.7905080593
2269,181733.336941451,142516.31248398157
2270,182852.32772198,190670.63120991073
2271,189893.003058465,232191.30282592404
2272,194650.210979875,197731.70828849517
2273,187904.461286262,159462.47699369182
2274,171774.925622692,184665.43493661814
2275,177998.685921479,164463.60420872486
2276,175648.484325498,206700.2527816719
2277,196918.071362067,179932.88123840885
2278,184299.838071218,146419.44393439448
2279,182379.855682734,124453.2672801842
2280,184050.725802482,116565.97468186423
2281,158296.975970284,161693.14290054468
2282,175053.355553278,177185.18197903386
2283,162293.376090644,105188.59076389493
2284,186328.880047186,105349.99271481782
2285,151422.116936538,142859.28334941994
2286,181969.358707768,122729.301577201
2287,189122.67702416,363615.97189410764
2288,185645.475220346,248968.68320586963
2289,182829.898109257,376931.1107963236
2290,195848.788183328,455613.90735184686
2291,198785.059550672,319801.25227860897
2292,181676.126555428,441526.5484012407
2293,194131.012663328,464603.0293333043
2294,201416.004864508,448577.9640673525
2295,185096.577205616,442870.74871526903
2296,195158.972598372,261157.3424286099
2297,184795.783735112,311774.9907111137
2298,189168.263864671,328179.9772507689
2299,216855.260149095,383609.72452879534
2300,184946.642483576,317002.0068505341
2301,189317.51282069,295904.8866616346
2302,180803.277842406,248878.89857845422
2303,175061.18585763,240192.49740207626
2304,179074.839090732,228542.04965320902
2305,145708.764336107,182756.93647823262
2306,142398.022752011,183947.9310658908
2307,161474.534863641,189985.62336550376
2308,157025.945155458,219170.41799409557
2309,163424.037827357,282943.107999937
2310,164692.778645345,214838.02805896592
2311,152163.2443541,199985.02001896655
2312,192383.215486656,180892.7307884958
2313,182520.230322476,170533.32161538652
2314,187254.507549722,171554.7063601169
2315,176489.659740359,175915.3599505274
2316,181520.466841293,184623.34514638298
2317,186414.978214721,182816.45527489576
2318,185197.764639705,171933.63188351993
2319,178657.794083741,176074.1856792296
2320,179731.198023759,197759.11987284594
2321,161748.271317074,252332.2573450033
2322,158608.749069322,175209.5530585406
2323,178807.370559878,194033.0642908628
2324,184187.158803897,173331.51238605706
2325,181686.10402108,206303.30626967264
2326,190311.050228337,167632.87888622604
2327,192252.496354076,209739.75012156513
2328,193954.849525775,236043.51037031325
2329,181044.201560887,190820.88650838213
2330,180258.131219792,182025.93663807702
2331,199641.657313834,360319.1836893915
2332,197530.775205517,397653.76461840264
2333,191777.196949138,321507.16495226056
2334,195779.543033588,248512.8377129977
2335,202112.046522999,268795.9061474004
2336,192343.34807661,329966.32183986227
2337,185191.359443218,207240.14175859303
2338,186760.207965688,261357.9327763148
2339,177733.78193528,206525.43516153484
2340,164430.391189608,397259.7677847557
2341,185299.601552401,197621.20870232198
2342,186414.012339254,227944.20129403274
2343,176401.921054593,224051.50653002228
2344,182381.322639642,208548.73533578287
2345,176334.184710805,223636.93049074244
2346,184901.735847457,218848.85941225826
2347,180085.766885029,202979.52206405907
2348,184901.735847457,243421.5992628273
2349,183967.561548763,191531.9236448024
2350,193046.301574659,298945.76885295624
2351,168538.969495849,253487.63838574005
2352,170157.842016969,244877.2421432217
2353,196559.709259637,253037.60165199675
2354,177133.709361852,131188.18079151504
2355,181553.279576244,147238.2695599316
2356,185770.606634739,152560.8607993658
2357,177017.595099274,192541.84065108455
2358,184123.358536806,191078.25299457982
2359,165970.357492196,132214.07607727958
2360,158151.985049452,114745.58674208065
2361,177086.476441481,144252.12686033716
2362,196373.896176551,270136.78767794964
2363,172465.707083115,132353.8849281306
2364,168590.782409896,159131.61953566925
2365,158820.474171061,235825.90645264628
2366,151611.37057651,184483.38998408744
2367,152125.028585543,220953.16011776
2368,158404.073081048,216256.73861502047
2369,160692.078640755,209048.86899203763
2370,170175.22684199,169460.38258757698
2371,169854.436591138,174250.09080950462
2372,183410.785819008,194779.8667365794
2373,180347.194026928,281984.32560019614
2374,178930.528374292,324727.3850816948
2375,153346.220086301,257970.82045499224
2376,182675.204270589,318941.76442932175
2377,180770.649792036,374243.3077789811
2378,188714.148087543,151702.33226391827
2379,191393.608594076,207504.86361574774
2380,174016.157494425,153673.77917211756
2381,183189.685319552,164636.19504236375
2382,183621.508757866,200605.43830699276
2383,168991.29635758,203040.87855691457
2384,185306.650665866,244404.84397253796
2385,189030.680303208,161383.58599683957
2386,179208.665698449,136412.49128094924
2387,174901.452792889,142004.14915900677
2388,168337.406544343,98232.32409732457
2389,158234.96461859,121094.09749129979
2390,179562.453368834,139671.36178393857
2391,174176.391640607,139826.54174857834
2392,173931.531845427,115356.81792515087
2393,184111.729429665,162844.20789644922
2394,179374.482001188,148890.50252845764
2395,207348.811884535,206638.689931061
2396,186983.419339031,145102.681369278
2397,206779.094049527,206901.15830081826
2398,177472.074683935,127660.28997093462
2399,156727.948324862,61910.319909525
2400,157090.568462479,54915.9745565933
2401,160387.032696693,111180.94788467689
2402,172410.28005086,135093.1594944907
2403,191603.365657467,137139.99876777874
2404,182152.207151253,150084.62679960104
2405,180161.697340702,160231.70787178839
2406,169652.235284283,148454.6189050773
2407,182503.520140218,128417.98826451371
2408,179714.630677039,143968.78559258455
2409,180282.570719908,125431.51316245823
2410,192600.338060371,166740.8696333593
2411,166115.491248565,118310.12435012427
2412,186379.553524443,159364.48377481222
2413,184361.992258449,131706.05288802544
2414,186220.965458121,137053.13568449707
2415,198176.47090687,135421.5193363143
2416,168437.776500131,125144.52630902674
2417,178003.582312015,142409.68517797772
2418,179180.469244588,133075.19316807992
2419,191930.561104806,117686.58754934889
2420,175590.266214964,126225.85654019983
2421,176713.19307219,145457.46562859806
2422,180159.090947005,111475.72410252852
2423,188090.100808026,120674.81231953375
2424,186184.717727913,153332.36189831753
2425,223055.588672278,211513.9992612626
2426,158270.753116401,133392.746689916
2427,184733.12846644,135180.5649028306
2428,199926.378957429,175409.05064161637
2429,175075.785166001,111748.46940114358
2430,180917.925148076,135810.32964559103
2431,182067.760625207,117686.87475634253
2432,178238.60191545,147047.22426089342
2433,173454.944606532,142922.6946948567
2434,176821.936262814,134257.44770935015
2435,183642.191304235,153034.1344885978
2436,177254.582741058,109387.51877120712
2437,168715.950111702,111305.95968543239
2438,180096.931198144,128603.09463306982
2439,160620.728178758,110654.23237951906
2440,175286.544392273,121599.07422963301
2441,153494.783276297,88813.51289705196
2442,156407.65915545,102025.44687962842
2443,162162.525245786,127907.94620404598
2444,166809.886827197,127860.35460603025
2445,172929.156408918,79938.5944108707
2446,193514.330894137,129985.83415124711
2447,181612.141603756,176377.29910552606
2448,191745.386377068,135878.6807039068
2449,171369.325038261,103031.6993454531
2450,184425.470567051,136155.5074070788
2451,170563.252355189,129874.71068345962
2452,184522.369240168,203158.72416786326
2453,164968.947931153,94589.52455062419
2454,157939.621592364,126682.12082836998
2455,151520.381580069,127347.70656573109
2456,176129.508722531,127935.19795912411
2457,171112.978971478,126367.18738079478
2458,169762.081624282,129729.52454644808
2459,162246.828936295,106742.58141416532
2460,171339.303381589,131767.46897823628
2461,189034.753653813,125678.13119672303
2462,175758.873595981,136351.3177350519
2463,163351.721489893,125524.17153114814
2464,189806.546645026,172817.13827952248
2465,175370.990918319,134015.2481238282
2466,196895.599900301,111369.58111967874
2467,176905.917994834,138825.92309238025
2468,176866.557227858,82947.66581945386
2469,163590.677170026,74962.49806392558
2470,212693.502958393,182830.9292585975
2471,192686.931747717,208068.31725480102
2472,181578.684951827,154998.15442341723
2473,166475.457581812,115314.03165258908
2474,185998.255166219,66494.23057124445
2475,185527.714877908,214436.3395441037
2476,159027.118197683,114880.28647265885
2477,181169.654933769,127528.86447313681
2478,176732.915304722,141160.011397456
2479,191619.294648838,102584.48931945674
2480,189114.303789324,151994.56683058816
2481,180934.635330334,131991.2806822828
2482,164573.372223048,129507.1630358608
2483,173902.011270196,115483.31955130813
2484,165625.127741229,124759.80113326071
2485,179555.219570787,122759.79583909707
2486,196899.720661579,157565.81127865397
2487,207566.12470446,191344.04243603064
2488,163899.981149274,174197.91567627384
2489,189179.428177786,152099.84460654654
2490,193892.880023125,156704.19344054614
2491,178980.874331431,92963.67120712734
2492,179749.876244365,181789.5802808873
2493,197999.674975598,154230.3093533872
2494,203717.470295797,145240.52197428443
2495,185249.261156892,96161.34107762779
2496,201691.208274848,246902.5846994323
2497,181956.548314794,150825.02839417744
2498,171895.936275806,112530.66439496481
2499,187245.168439419,92826.11485632196
2500,157816.77461318,134510.78670664426
2501,191702.912573325,142003.15152423942
2502,198599.420028908,145865.73956615018
2503,187193.313676329,106010.08087102584
2504,220514.993999535,162678.52106490312
2505,181814.527595192,230534.51853927854
2506,183750.755371907,239187.70938830037
2507,183000.431679579,263149.8488188407
2508,185830.971906573,245152.5798573745
2509,185497.872344187,214930.47474913884
2510,179613.437681321,222110.87094554884
2511,164454.967963631,177699.75558832532
2512,185127.237217638,213325.42556225244
2513,178750.613844623,215409.39360485747
2514,160927.61044889,262278.047320788
2515,192562.808057836,145552.1828030181
2516,180990.24148554,175053.27440512212
2517,180064.941503122,151028.7261887474
2518,196070.997393789,155223.61236806307
2519,180352.919019023,231127.5941545588
2520,183367.953769362,212706.6595213995
2521,176734.841494027,189344.2676833466
2522,180848.220765939,226482.31686273625
2523,187806.059368823,116438.38638269092
2524,180521.52640004,135955.303332625
2525,181502.754496154,140321.29646098235
2526,174525.87942676,134267.5245725035
2527,188927.984063168,125032.48253536805
2528,184728.870431253,126559.08165459175
2529,179857.975518011,138643.20241936867
2530,180962.868071609,128125.70587971222
2531,179194.066390078,261006.7868763614
2532,179591.789259484,226837.9016022662
2533,180638.463702549,193236.8368085605
2534,185846.215131922,230915.67749228192
2535,195174.031139141,309358.732918302
2536,192474.56829063,248538.19023211813
2537,164200.595496827,242907.2785528027
2538,178403.094096818,183661.31903322888
2539,170774.84018302,188872.88307767652
2540,179879.945898337,170166.40796464463
2541,177668.192752792,181086.31787990904
2542,180174.328610725,160147.99839844016
2543,170643.303572141,133209.04591648362
2544,165448.004289838,128407.143742911
2545,195531.754886222,140257.71653616213
2546,165314.177682121,127805.32552378003
2547,172532.757660882,148203.74899908924
2548,203310.218069877,154030.88975806916
2549,175090.062515883,160164.4487773414
2550,230841.338626282,424691.48800776456
2551,155225.19006632,145377.96854799043
2552,168322.342441945,133094.7376459471
2553,165956.259265265,73022.99059337117
2554,193956.817564124,108585.95545458434
2555,171070.367893827,122046.3758023647
2556,166285.243628001,100225.40686756707
2557,182875.801346628,96089.18445132414
2558,218108.536769738,157830.16853339417
2559,174378.777632042,134952.14383210673
2560,164731.316372391,151369.60115263835
2561,156969.695083273,149134.2638077402
2562,173388.854342604,133767.00537229152
2563,177559.628685119,149562.4954473622
2564,194297.789279905,197324.18065153676
2565,174894.588364005,142257.6980690037
2566,196544.144075798,174124.77652643627
2567,179036.158528149,133111.7308894908
2568,211423.986511149,209612.44829287572
2569,208156.398935188,205849.713538167
2570,159233.941347257,112360.33262782086
2571,210820.115134931,171670.56243473818
2572,140196.10979821,160257.27043865065
2573,198678.469082978,209302.51988747326
2574,186818.610760803,275350.911088304
2575,175044.797633861,132707.64770933244
2576,180031.162892704,123556.79123812573
2577,176889.171525162,152505.5424537987
2578,159638.856165666,84980.52879832158
2579,154287.264375509,54622.53252090147
2580,191885.618181273,125779.47819606907
2581,177503.378612934,104041.4860810384
2582,166548.31684976,112053.21865863842
2583,164475.14942856,269081.93112005293
2584,167484.744857879,165498.1711120123
2585,188683.160555403,184471.50497441375
2586,162243.399502668,227219.32261363283
2587,180807.213919103,200993.1200080774
2588,176279.079637039,150311.8243901339
2589,163438.959094218,148030.93244367486
2590,161495.5393685,216589.4462556322
2591,216032.303722443,229487.93260636728
2592,176632.181541401,211399.13522502812
2593,168743.001567144,258779.21401264478
2594,183810.11848086,177782.00048983708
2595,156794.36054728,201852.4360672485
2596,169136.43011395,305391.70088998566
2597,183203.318752456,185330.21952988865
2598,213252.926930889,297264.79227316444
2599,190550.327866959,300813.94650339684
2600,234707.209860273,193864.51258674654
2601,135751.318892816,146474.57171350424
2602,164228.45886894,80821.06279309331
2603,153219.437030419,97185.56894688855
2604,164210.746523801,88689.1481411294
2605,163883.229117973,68964.12564451795
2606,154892.776269956,151447.51956675536
2607,197092.08733832,197553.28272899735
2608,228148.376399122,196001.44572220132
2609,178680.587503997,169939.44440053625
2610,165643.341167808,114883.0552558644
2611,222406.642660249,116143.13075239361
2612,184021.843582599,154689.0800789721
2613,170871.094939159,133262.87637008904
2614,189562.873697309,128012.6863098557
2615,170591.884966356,154761.6247864012
2616,172934.351682851,148103.57791363704
2617,186425.069879189,181209.7768814523
2618,218648.131133006,192956.22478150835
2619,183035.606761141,194050.05883479016
2620,178378.906069427,182972.44647588328
2621,184516.716597846,174535.54413744574
2622,181419.5253183,181313.2771207412
2623,196858.923438425,250125.9233271086
2624,189228.701486278,295881.12206029
2625,208973.380761028,284866.5584526174
2626,180269.86896412,174557.43275959545
2627,159488.713683953,161139.90960795755
2628,191490.299507521,473493.03624164313
2629,228684.245137946,564826.1625486598
2630,201842.998700429,385439.4748393919
2631,209242.82289186,471746.0408635514
2632,202357.62258493,450865.68931692594
2633,168238.61218265,311457.902983221
2634,202524.12465369,410241.1198078204
2635,170588.771929588,166169.79066482242
2636,198375.31512987,177515.54320261674
2637,170636.827889889,197113.75960370162
2638,181991.079479377,265176.7196294833
2639,183994.54251844,195440.32082829167
2640,182951.482193584,151399.5148863942
2641,174126.297156192,108060.10677149816
2642,170575.496742588,181554.926899086
2643,175332.239869971,98241.01621467664
2644,167522.061539111,123460.48988826237
2645,168095.583738538,107888.70453089257
2646,154406.415627461,97329.95293493482
2647,170996.973346087,103606.55505670747
2648,159056.890245639,138461.93812162286
2649,181373.6165193,149924.5104559213
2650,152272.560975937,144993.49189546827
2651,168664.346821336,140336.41045157088
2652,211007.008292301,434970.61003412155
2653,182909.515032911,245022.84996277848
2654,203926.829353303,234117.85141319205
2655,179082.825442944,420401.5350348588
2656,206260.099795032,346462.86487077794
2657,181732.443415757,351985.66266095196
2658,189698.740693148,282085.85704014736
2659,203074.34678979,307249.4179174746
2660,201670.634365666,346216.33035108657
2661,173756.812589691,363692.7948916692
2662,181387.076390881,368584.7096770805
2663,184859.155270535,281423.93907061423
2664,158313.615666777,272345.876413231
2665,151951.955409666,310978.72277830634
2666,162537.52704471,288632.54167343327
2667,178998.337067854,166927.66615144195
2668,186732.584943041,178957.8924746874
2669,187323.318406165,176013.5732894056
2670,199437.232798284,282756.63530604343
2671,185546.680858653,180536.02288637176
2672,161595.015798593,199165.8982065642
2673,154672.422763036,204230.17076363956
2674,159355.710116165,198987.39563444207
2675,155919.014077746,176013.36304307877
2676,182424.87095604,192704.46764888318
2677,178100.589622319,188681.82030953257
2678,202577.900044456,254319.189766321
2679,177862.778940605,268708.99229401804
2680,182056.024744887,275482.18387516367
2681,191403.199177104,429430.8754725663
2682,196264.754980043,317640.66873565485
2683,209375.003419718,532400.6905474912
2684,196691.81930173,315595.3933583916
2685,192458.431539585,332971.6352188465
2686,182242.80926507,241744.6145077714
2687,183259.503900506,326081.5022740852
2688,188108.243748841,203738.82510473166
2689,171418.640195797,200824.0079860239
2690,194698.882220432,478672.3689599618
2691,174841.84007522,186424.31693426077
2692,172965.476488899,136666.265159901
2693,189386.323677132,190308.71954748477
2694,185682.618340257,123948.3855406006
2695,176412.012719061,190209.46430085687
2696,174976.489722867,185716.98600182612
2697,180718.581707643,182867.0357031689
2698,186131.188248242,181689.3022375247
2699,165220.786354033,181129.77439793534
2700,164115.893800435,160420.13919024213
2701,182125.729127024,148657.05592943492
2702,182285.140233276,107960.99791755078
2703,196325.442210366,119908.9387113597
2704,164865.215329881,136422.81686701966
2705,182694.492209823,125270.16315891643
2706,185425.485520958,108839.66563640331
2707,171414.7041191,114549.01743387996
2708,183433.472466085,131938.19404067582
2709,176844.981155794,106274.25307071944
2710,180568.187753206,129583.0105150172
2711,185948.625475832,322681.5272827551
2712,189388.291715481,398199.7419856761
2713,142754.489165865,171122.19958765575
2714,156106.800760811,147635.0002975124
2715,155895.397617561,168639.1494425863
2716,159851.977738548,146365.3358182967
2717,185157.832305524,184927.03613911427
2718,180716.291710805,233936.61676300812
2719,176901.093954071,160623.1616936549
2720,181017.222455218,180741.1576611499
2721,183269.159407668,132360.93597567632
2722,193550.830097069,154052.1632905216
2723,170625.842699726,142504.80963176896
2724,182012.405942725,137713.45411459816
2725,179162.507290733,129516.93350493145
2726,183269.159407668,141986.4952263504
2727,180589.836175042,177121.47996931098
2728,181465.935198741,170505.08138683776
2729,196053.029878304,137693.0394817079
2730,183421.020319014,140418.1265215612
2731,167926.839083612,127462.62808237475
2732,168027.530997889,126414.59170094157
2733,182164.26685407,156432.2679626376
2734,172469.071592608,143996.9182302578
2735,181059.374300472,139026.0253526887
2736,182997.570115536,144787.04511596917
2737,166140.504179894,121954.26554553777
2738,198515.546934075,133181.76938154976
2739,193789.648503294,158886.70207534864
2740,173550.025727531,138223.36925124584
2741,176487.943174734,143688.6764642679
2742,188813.302559147,156115.03741420794
2743,178531.911979192,153722.2220958432
2744,182145.731469001,157770.0788357337
2745,179196.465024103,142780.64502065425
2746,169618.349900686,143355.9220296139
2747,170010.168655046,153966.4588556099
2748,181739.671652174,123256.79386726224
2749,172846.934955574,125052.58909935894
2750,195560.8830172,139054.736697689
2751,180358.114292956,135314.11810664058
2752,211817.702818093,208309.01996576018
2753,176170.128686742,147012.58339256153
2754,234492.248263699,219533.42174344743
2755,182450.956536015,136190.4259785024
2756,174902.068073146,101980.89872589066
2757,173684.174293738,74225.38258702311
2758,147196.673677562,80086.70056619853
2759,175231.189709791,153270.05065824024
2760,193417.64740633,125270.41954266085
2761,183313.601249761,139375.49465846666
2762,180882.250849082,141788.54824415123
2763,186735.697979808,179790.989243507
2764,172922.865411247,148617.84128836138
2765,202551.677190573,286023.23735665774
2766,190485.634074173,134107.3025314924
2767,173439.49362151,93756.14012350442
2768,196613.598849219,132711.87370248884
2769,178152.259700828,136402.54709816483
2770,174519.904825949,150744.00375775836
2771,172627.796932837,114218.20516971493
2772,173732.689486435,111923.73514677549
2773,209219.844787023,160162.71168112976
2774,181059.374300472,133156.72629780648
2775,188515.443002459,114802.38432039843
2776,182164.26685407,134804.55656690308
2777,188137.901597981,144849.23543102085
2778,158893.54306269,110886.33852940847
2779,189579.65066771,120147.86183402193
2780,165229.803505847,95714.03697835075
2781,162186.071220207,93665.82269491565
2782,166374.879866351,95472.7340523054
2783,161665.184974757,108587.03954255501
2784,175079.328798445,125358.03749056278
2785,203840.874021305,134996.18115966843
2786,152129.078861057,69058.31895992598
2787,181012.141380101,122690.56236854216
2788,161305.53503837,75513.06007413773
2789,203326.392972343,172682.78911597244
2790,168385.571141831,97681.94809687453
2791,183564.365159986,109781.0954263445
2792,163784.619440861,57421.364169643304
2793,171989.192193993,165533.03577380805
2794,180839.95616829,98409.37424059138
2795,170895.923185907,126433.35195410677
2796,174071.054808518,103062.91861712451
2797,259423.859147546,179503.11323677274
2798,188000.824679588,108856.88489071793
2799,179171.703565498,115411.63935214146
2800,171022.241447762,66589.52180271734
2801,174126.297156192,110411.5222664234
2802,187625.573271948,134547.5867544234
2803,199567.946369234,145589.09534911186
2804,205328.078219268,139622.48439898647
2805,166231.535025379,105795.81340314327
2806,154743.91606057,86800.23034601356
2807,159714.537012622,161456.9065223827
2808,185563.069082422,148560.03230677632
2809,171500.796725006,134950.0296963264
2810,180983.443844799,126235.89307378442
2811,183141.236914997,162722.72485922943
2812,178498.634450214,157185.87221567513
2813,224323.710512388,162935.25454577606
2814,218200.642127877,157327.01417610812
2815,182283.177756557,99315.74755821332
2816,190054.639237419,260461.34647242195
2817,160192.453934518,169293.27613795226
2818,171289.393581756,131410.94996699673
2819,151131.098733642,189269.42005965533
2820,181721.458225594,147243.04860453107
2821,172725.053851858,109302.9377607273
2822,222438.699143414,189667.50264014915
2823,235419.373448928,289459.28857944993
2824,185150.926027596,174346.2755555994
2825,184772.239624699,149492.92148568734
2826,180658.216435809,136116.51374378812
2827,209673.316647174,141220.80764086603
2828,205939.810625621,223382.18013819598
2829,165633.573325837,204848.4077884964
2830,186030.317211014,216601.76520559264
2831,160312.319589212,175005.44973795876
2832,190702.440251029,244162.64956503847
2833,175122.810326699,273464.9793051425
2834,183783.13937519,211328.57752379985
2835,178290.666302221,219559.7396308264
2836,181605.343963015,196123.02694900704
2837,187992.451444752,155897.58852339082
2838,188885.11781517,151048.68203823554
2839,189959.344795118,171638.55295636633
2840,179258.619211334,203829.85950443408
2841,181518.750275669,206504.0587906081
2842,193008.659237315,231491.45524012417
2843,186313.89385619,151368.75354935176
2844,181499.39185067,156286.8766858619
2845,174126.297156192,122697.89146678217
2846,183918.612062767,210339.32707168235
2847,184114.270899227,199677.1884650059
2848,158540.947801398,219660.32540513383
2849,197034.759055859,200452.73293042294
2850,185170.284452595,285232.8176073005
2851,221134.533635148,215835.46398863578
2852,184306.637575967,222308.5429292365
2853,199792.302740996,244640.30857572067
2854,143237.803559736,141646.18433643092
2855,177294.838897736,209938.7899560658
2856,182368.620883855,201925.44941949373
2857,176487.943174734,189148.95865276275
2858,183849.408762071,200024.97202728974
2859,184964.141507413,120679.86153912763
2860,196395.969632434,136953.04202269908
2861,188374.936650438,126780.42209439646
2862,176261.296806135,193128.73939195625
2863,163628.142248426,126393.45770488676
2864,180618.032628904,228085.5743070956
2865,161647.329794081,142624.9842993751
2866,167129.598867773,139987.3139743089
2867,174750.988352687,103650.77676212978
2868,177560.202116333,104250.8479522848
2869,192577.796112839,112659.2803134182
2870,199202.898960871,125293.30658013004
2871,182818.156667308,86476.90070186807
2872,148217.262540651,51320.90379361181
2873,188997.797082492,100055.02725577196
2874,185807.928877601,137682.1478704799
2875,177030.477842021,111308.97118675832
2876,175942.474593632,177442.01286040817
2877,172912.518576433,139559.69395618924
2878,198359.248864591,178544.21325280686
2879,184379.133036383,144720.9889338806
2880,194255.566948886,107205.7513688607
2881,209449.651603064,144015.06352173063
2882,169979.323958443,174341.9045945637
2883,188206.281858748,193816.10914016215
2884,186412.438609167,200801.1808101026
2885,196761.386409959,182764.2200526938
2886,208353.269558209,230448.34686194328
2887,166548.067241044,93343.03178678235
2888,175942.474593632,132913.90114637755
2889,166790.457916434,47834.94847738897
2890,160515.850579067,81915.21292745777
2891,192167.621096362,134316.23624049092
2892,178751.551083369,37370.413271716185
2893,198678.894117024,97711.89482755403
2894,164553.120272354,51612.083315690455
2895,156887.932862327,299464.7401116004
2896,164185.777305524,269303.1325049316
2897,212992.120630876,198220.98485983408
2898,197468.550532521,148901.9287068529
2899,180106.84373966,210482.12409805346
2900,183972.071056674,154073.53107250773
2901,245283.198337927,197886.96698941157
2902,170351.963410756,193865.5580340789
2903,195596.307707478,337455.94168524595
2904,189369.756330412,372142.10578809946
2905,223667.404551664,94879.5418145974
2906,169335.310624364,212092.37041619245
2907,167411.02835165,120247.72231613735
2908,187709.555003968,136589.2906233486
2909,196526.002998991,142976.09155481838
2910,137402.569855589,80256.52561201317
2911,165086.775061735,81298.1177942065
2912,188506.431412274,151775.21249528573
2913,172917.456816012,80408.61255779621
2914,166274.325225982,72831.75304596381
2915,167081.220948984,84148.22196881597
2916,164788.778231138,79923.05786986409
2917,219222.423400059,170586.78107740657
2918,184924.279658997,122766.18968498698
2919,187741.866657478,230152.38898216304
